fecha,slot,categoria,tema,titulo,dato_clave,caption_instagram,caption_facebook,hashtags,texto_alternativo,fuente,url_fuente,archivo_grafica,estado
2026-10-07,prueba,Sueño y descanso,Baño tibio y sueño,Un baño tibio antes de dormir te ayuda a quedarte dormido más rápido,40–43 °C · 60–120 min antes (ideal ~90) · ~10 min menos para dormirse,"¿Sabías que un baño tibio antes de dormir puede ayudarte a quedarte dormido más rápido? 🛁🌙

Una revisión científica de la Universidad de Texas en Austin (publicada en Sleep Medicine Reviews, 2019) encontró que bañarse con agua tibia-caliente (≈ 40–43 °C), entre 1 y 2 horas antes de acostarse, adelanta el sueño en unos 10 minutos en promedio.

¿Por qué funciona? Al salir del agua, tu cuerpo se enfría y esa baja de temperatura le avisa al cerebro que es hora de descansar.

✨ Para probarlo esta noche:
• Báñate unos 90 minutos antes de acostarte
• Agua tibia, no hirviendo
• Luces bajas y celular lejos

Guárdalo para tu rutina de la noche 🤍

sose · el arte de estar en paz

Contenido informativo, no reemplaza la orientación de un profesional de la salud.","¿Sabías que un baño tibio antes de dormir puede ayudarte a quedarte dormido más rápido? 🛁🌙

Una revisión científica de la Universidad de Texas en Austin (Sleep Medicine Reviews, 2019) encontró que bañarse con agua tibia-caliente (≈ 40–43 °C), entre 1 y 2 horas antes de acostarse, adelanta el sueño en unos 10 minutos en promedio.

¿Por qué? Al salir del agua, tu cuerpo se enfría y esa baja de temperatura le avisa al cerebro que ya es hora de descansar.

Para probarlo esta noche: báñate unos 90 minutos antes de acostarte, con agua tibia (no hirviendo), luces bajas y el celular lejos.

¿Tú tienes alguna rutina para dormir mejor? Cuéntanos en los comentarios 👇

Sose · el arte de estar en paz
Contenido informativo, no reemplaza la orientación de un profesional de la salud.",#sose #elartedeestarenpaz #bienestar #rutinanocturna #dormirmejor #sueño #autocuidado #baño #relajacion #vidasana #chile,"Gráfica de SOSE: línea de tiempo con la ventana ideal para bañarse, entre 120 y 60 minutos antes de acostarse, con el mejor momento a los 90 minutos; tres datos: agua a unos 40–43 °C, 60–120 minutos antes, y unos 10 minutos menos para quedarse dormido.","Haghayegh S. et al., Sleep Medicine Reviews 46:124–135 (2019), Univ. de Texas en Austin",https://bme.utexas.edu/?p=11560,"(prueba, publicado 2026-10-07 00:49)",publicado
2026-10-07,1200,Cuerpo y bienestar,Baño frecuente y salud del corazón,Quienes se bañan casi todos los días tienen menos riesgo cardiovascular,"+30.000 · ~20 años · Heart, 2020","¿Sabías que bañarte casi todos los días podría estar asociado a un corazón más sano? 🛁❤️

Un estudio japonés que siguió a más de 30.000 adultos durante unos 20 años (publicado en la revista Heart, 2020) encontró que quienes se bañaban casi a diario tenían 28% menos riesgo de enfermedad cardiovascular y 26% menos riesgo de accidente cerebrovascular, comparados con quienes se bañaban menos de 2 veces por semana.

Ojo: es un estudio observacional. Muestra una asociación, no prueba que el baño sea la causa.

✨ Para disfrutarlo con cuidado:
• Agua cómoda, sin sobrecalentarte
• Entra y sal con calma
• Si tienes problemas del corazón o presión alta, consulta antes a tu médico

Guárdalo y compártelo con quien necesite un momento de pausa 🤍

sose · el arte de estar en paz

Contenido informativo, no reemplaza la orientación de un profesional de la salud.","¿Sabías que bañarte casi todos los días podría estar asociado a un corazón más sano? 🛁❤️

Un estudio japonés que siguió a más de 30.000 adultos durante unos 20 años (revista Heart, 2020) encontró que quienes se bañaban casi a diario tenían 28% menos riesgo de enfermedad cardiovascular y 26% menos de accidente cerebrovascular, frente a quienes se bañaban menos de 2 veces por semana.

Ojo: es un estudio observacional, muestra una asociación y no prueba que el baño sea la causa. Usa agua cómoda, sin sobrecalentarte, y si tienes problemas del corazón o presión alta, consulta antes a tu médico.

¿Cuál es tu momento favorito para bañarte: mañana o noche? Cuéntanos 👇

Sose · el arte de estar en paz
Contenido informativo, no reemplaza la orientación de un profesional de la salud.",#sose #elartedeestarenpaz #bienestar #autocuidado #saludcardiovascular #baño #relajacion #vidasana #chile,"Gráfica de SOSE con dos barras: quienes se bañan casi a diario tienen 28% menos riesgo de enfermedad cardiovascular y 26% menos de accidente cerebrovascular que quienes se bañan menos de dos veces por semana, según un estudio japonés con más de 30.000 personas.","Harvard Health, resumen de estudio japonés publicado en Heart (marzo 2020)",https://www.health.harvard.edu/heart-health/can-hot-baths-protect-your-heart,2026-10-07_1200.jpg,programado
2026-10-07,2100,Aromas naturales,Aceites esenciales y ansiedad,"Los aromas naturales pueden ayudar a bajar la ansiedad, según 44 ensayos clínicos",44 ensayos · 3.419 · Lavanda,"¿Sabías que ciertos aromas naturales pueden ayudarte a sentirte con menos ansiedad? 🌿

Una revisión publicada en Frontiers in Public Health (2023) reunió 44 ensayos clínicos aleatorizados, con 3.419 personas con ansiedad, y concluyó que los aceites esenciales reducen tanto la ansiedad del momento como la de fondo. La lavanda estuvo entre los aceites con un efecto moderado.

Ojo: los aromas son un apoyo para relajarte, no reemplazan un tratamiento. Si la ansiedad te afecta seguido, vale la pena hablar con un profesional.

✨ Para probar en casa:
• Un aroma suave en tu rincón de descanso
• Respirar lento unos minutos
• Hacerlo parte de tu rutina de la noche

Guárdalo para cuando necesites calmarte 🤍

sose · el arte de estar en paz

Contenido informativo, no reemplaza la orientación de un profesional de la salud.","¿Sabías que ciertos aromas naturales pueden ayudarte a sentirte con menos ansiedad? 🌿

Una revisión publicada en Frontiers in Public Health (2023) reunió 44 ensayos clínicos aleatorizados, con 3.419 personas con ansiedad, y concluyó que los aceites esenciales reducen tanto la ansiedad del momento como la de fondo. La lavanda estuvo entre los aceites con un efecto moderado.

Ojo: los aromas son un apoyo para relajarte, no reemplazan un tratamiento. Si la ansiedad te afecta seguido, vale la pena hablar con un profesional.

¿Cuál es tu aroma favorito para relajarte? Cuéntanos 👇

Sose · el arte de estar en paz
Contenido informativo, no reemplaza la orientación de un profesional de la salud.",#sose #elartedeestarenpaz #aromaterapia #lavanda #bienestar #calma #autocuidado #relajacion #vidasana #chile,"Gráfica de SOSE con dos barras: 1.815 personas con ansiedad recibieron aceite esencial y 1.604 fueron grupo de comparación, en 44 ensayos clínicos reunidos en una revisión de 2023.","Frontiers in Public Health (2023), revisión sistemática de ensayos aleatorizados y metaanálisis en red",https://pubmed.ncbi.nlm.nih.gov/37325306/,2026-10-07_2100.jpg,programado
